{"cameraMode":{"drawMode":0,"name":"Shaded","section":"Shading Mode"},"sceneLighting":true,"audioPlay":false,"sceneViewState":{"showFog":false,"showMaterialUpdate":false,"showSkybox":true,"showFlares":true,"showImageEffects":true,"showParticleSystems":true},"in2DMode":false,"pivot":{"x":708.614501953125,"y":436.38922119140627,"z":740.4664306640625},"rotation":{"x":-0.004809581208974123,"y":0.005097127519547939,"z":-0.000024498522179783322,"w":-0.9999760389328003},"size":666.9926147460938,"orthographic":false}